{
    "RNN_Pretrained=True": {
        "Accuracy": 0.3404255319148936,
        "F1-score": 0.1693121693121693,
        "Training_Time_Seconds": 3.579782009124756
    },
    "RNN_Pretrained=False": {
        "Accuracy": 0.3404255319148936,
        "F1-score": 0.1693121693121693,
        "Training_Time_Seconds": 1.648005723953247
    }
}